id,code,department_id/id,name,program_level_id/id
scholaris_core.program_1,BCA-CC,scholaris_core.op_department_1,BCA - Cloud Computing,scholaris_core.program_level_2
scholaris_core.program_2,MCA-AI,scholaris_core.op_department_1,MCA - Big Data Analytics,scholaris_core.program_level_1
scholaris_core.program_3,BCOM-AF,scholaris_core.op_department_2,B.Com - Accounting and Finance,scholaris_core.program_level_2
scholaris_core.program_4,BA-PSC,scholaris_core.op_department_4,BA - Psychology,scholaris_core.program_level_2
scholaris_core.program_5,BT-CIE,scholaris_core.op_department_3,B.Tech - Civil Engineering,scholaris_core.program_level_2
scholaris_core.program_6,BT-CHE,scholaris_core.op_department_3,B.Tech - Chemical Engineering,scholaris_core.program_level_2
scholaris_core.program_7,Diploma-AE,scholaris_core.op_department_3,Diploma - Agricultural Engineering,scholaris_core.program_level_4
scholaris_core.program_8,DIP-EE,scholaris_core.op_department_3,Diploma - Electrical Engineering,scholaris_core.program_level_4
scholaris_core.program_9,CTP-CS,scholaris_core.op_department_1,Certificate Program - Cyber Security,scholaris_core.program_level_3
scholaris_core.program_10,IE-CSE-M,scholaris_core.op_department_3,Industry Embedded - B.Tech CSE with Microsoft,scholaris_core.program_level_8
