id,name
scholaris_core.program_level_1,Masters
scholaris_core.program_level_2,Bachelors
scholaris_core.program_level_3,Certificate Programs
scholaris_core.program_level_4,Diploma
scholaris_core.program_level_5,Doctoral Programs
scholaris_core.program_level_6,Fellowship Programs
scholaris_core.program_level_7,Global Programs
scholaris_core.program_level_8,Industry Embedded Programs
scholaris_core.program_level_9,Lateral Entry Programs
scholaris_core.program_level_10,Post Graduate Diploma Program
scholaris_core.program_level_11,Online Programs
scholaris_core.program_level_12,Pathway Programs
scholaris_core.program_level_13,Post Doctoral Programs
