id,code,department_id/id,name,subject_type,type
scholaris_core.op_subject_1,FDPC-T,scholaris_core.op_department_1,Fundamentals of Programming using C (Theory),Compulsory,Both
scholaris_core.op_subject_2,FDPC-P,scholaris_core.op_department_1,Fundamentals of Programming using C (Practical),Compulsory,Practical
scholaris_core.op_subject_3,DMM,scholaris_core.op_department_1,Digital and Mobile Media Marketing,Elective,Theory
scholaris_core.op_subject_4,MA,scholaris_core.op_department_1,Mathematical Aptitude,Compulsory,Theory
scholaris_core.op_subject_5,DBMS-T,scholaris_core.op_department_1,Database Management Systems (Theory),Compulsory,Both
scholaris_core.op_subject_6,PSY-1,scholaris_core.op_department_4,Developmental Psychology-1,Compulsory,Theory
scholaris_core.op_subject_7,DVBI-T,scholaris_core.op_department_1,Data Visualization for Business Intelligence,Compulsory,Theory
scholaris_core.op_subject_8,ISC-T,scholaris_core.op_department_4,Indian Society and culture,Compulsory,Theory
scholaris_core.op_subject_9,SF,scholaris_core.op_department_4,Soft Skills,Compulsory,Theory
scholaris_core.op_subject_10,ELM-CE,scholaris_core.op_department_3,Elements of Civil Engineering,Compulsory,Theory
scholaris_core.op_subject_11,CCSE,scholaris_core.op_department_4,Climate Change & Sustainable Environment,Compulsory,Theory
scholaris_core.op_subject_12,CE-DRW,scholaris_core.op_department_3,Civil Engineering Drawings,Compulsory,Theory
scholaris_core.op_subject_13,PSY-2,scholaris_core.op_department_4,Developmental Psychology-2,Compulsory,Theory
scholaris_core.op_subject_14,DH,scholaris_core.op_department_4,Digital Health,Compulsory,Theory
scholaris_core.op_subject_15,CHE-CH,scholaris_core.op_department_3,Chemistry,Compulsory,Both
scholaris_core.op_subject_16,MA-T,scholaris_core.op_department_4,Mathematical,Compulsory,Theory
scholaris_core.op_subject_17,EG-CH,scholaris_core.op_department_3,Engineering Graphics,Compulsory,Theory
scholaris_core.op_subject_18,FOA-1,scholaris_core.op_department_2,Fundamentals of Accounting-1,Compulsory,Theory
scholaris_core.op_subject_19,ME,scholaris_core.op_department_2,Micro Economics,Compulsory,Theory
scholaris_core.op_subject_20,MTH-1-T,scholaris_core.op_department_3,Mathematics - I,Compulsory,Theory
scholaris_core.op_subject_21,POM,scholaris_core.op_department_2,Principles of Marketing,Compulsory,Theory
scholaris_core.op_subject_22,BC,scholaris_core.op_department_2,Business Communication,Compulsory,Theory
scholaris_core.op_subject_23,FA-2,scholaris_core.op_department_2,Financial Accounting-2,Compulsory,Theory
scholaris_core.op_subject_24,CB,scholaris_core.op_department_2,Consumer Behaviour,Compulsory,Theory
scholaris_core.op_subject_25,CEBM,scholaris_core.op_department_2,Creativity Event and Brand Management,Compulsory,Theory
scholaris_core.op_subject_26,SE,scholaris_core.op_department_1,Software Engineering,Compulsory,Theory
scholaris_core.op_subject_27,DS,scholaris_core.op_department_1,Data Structures,Compulsory,Both
scholaris_core.op_subject_28,JP,scholaris_core.op_department_1,Java Programming,Compulsory,Both
scholaris_core.op_subject_29,ADMS,scholaris_core.op_department_1,Advanced Database Management Systems,Compulsory,Theory
scholaris_core.op_subject_30,AJP,scholaris_core.op_department_1,Advanced Java Programming,Compulsory,Theory
scholaris_core.op_subject_31,CA,scholaris_core.op_department_1,Comprehensive Assessment,Compulsory,Theory
scholaris_core.op_subject_32,CG,scholaris_core.op_department_1,Computer Graphics,Compulsory,Theory
scholaris_core.op_subject_33,OODJ-T,scholaris_core.op_department_1,Object Oriented Development with JAVA (Theory),Compulsory,Theory
scholaris_core.op_subject_34,DS-T,scholaris_core.op_department_3,Data Structure (Theory),Compulsory,Theory
scholaris_core.op_subject_35,SS-AE,scholaris_core.op_department_3,Soil Science & Agriculture for Engineers,Compulsory,Theory
scholaris_core.op_subject_37,OST-IM,scholaris_core.op_department_3,Open-Source Tool,Compulsory,Theory
scholaris_core.op_subject_38,CACED-CE,scholaris_core.op_department_3,Computer Aided Civil Engineering Drawing,Compulsory,Theory
scholaris_core.op_subject_39,MS-CE,scholaris_core.op_department_3,Mechanics of Solids,Compulsory,Theory
scholaris_core.op_subject_40,CT-CE,scholaris_core.op_department_3,Construction Technology,Compulsory,Theory
scholaris_core.op_subject_41,IFM-CE,scholaris_core.op_department_3,Introduction to Fluid Mechanics,Compulsory,Theory
scholaris_core.op_subject_42,PR-CE,scholaris_core.op_department_3,Product Realization,Compulsory,Theory
scholaris_core.op_subject_43,MM-CE,scholaris_core.op_department_3,Mechanics of Materials,Compulsory,Theory
scholaris_core.op_subject_44,GTE-CE,scholaris_core.op_department_3,Geo-Technical Engineering,Compulsory,Theory
scholaris_core.op_subject_45,TE-CE,scholaris_core.op_department_3,Transportation Engineering,Compulsory,Theory
scholaris_core.op_subject_46,DRCS-CE,scholaris_core.op_department_3,Design of Reinforced Concrete Structures,Compulsory,Theory
scholaris_core.op_subject_47,SI1-CE,scholaris_core.op_department_3,Summer Internship-1,Compulsory,Both
scholaris_core.op_subject_48,DSS-CE,scholaris_core.op_department_3,Design of Steel Structures,Compulsory,Theory
scholaris_core.op_subject_49,ESV-CE,scholaris_core.op_department_3,Estimation - Costing and Valuation,Compulsory,Theory
scholaris_core.op_subject_50,MTS-CE,scholaris_core.op_department_3,Model Testing & Simulation,Compulsory,Theory
scholaris_core.op_subject_51,CPME-CE,scholaris_core.op_department_3,Construction Project Management and Economics,Compulsory,Theory
scholaris_core.op_subject_52,PRJ1-CE,scholaris_core.op_department_3,PROJECT-1,Compulsory,Practical
scholaris_core.op_subject_53,SI2-CE,scholaris_core.op_department_3,Summer Internship-2,Compulsory,Both
scholaris_core.op_subject_54,PPE-CE,scholaris_core.op_department_3,Project Planning & Economics,Compulsory,Theory
scholaris_core.op_subject_55,PRJ2-CE,scholaris_core.op_department_3,Project-2,Compulsory,Practical
scholaris_core.op_subject_56,CS-IM,scholaris_core.op_department_3,Communication Skills,Compulsory,Theory
scholaris_core.op_subject_57,ES-IM,scholaris_core.op_department_3,Environmental Science,Compulsory,Theory
scholaris_core.op_subject_58,DT-IM,scholaris_core.op_department_3,Design Thinking,Compulsory,Theory
scholaris_core.op_subject_59,ICTW-IM,scholaris_core.op_department_3,ICT workshop,Compulsory,Theory
scholaris_core.op_subject_60,ACTW-IM,scholaris_core.op_department_3,Advanced Communication & Technical Writing,Compulsory,Theory
scholaris_core.op_subject_61,DDS-IM,scholaris_core.op_department_3,Design of Data Structures,Compulsory,Theory
scholaris_core.op_subject_62,DMS-IM,scholaris_core.op_department_3,Database Management System,Compulsory,Theory
scholaris_core.op_subject_63,DM-IM,scholaris_core.op_department_3,Discrete Mathematics,Compulsory,Theory
scholaris_core.op_subject_64,OSL-IM,scholaris_core.op_department_3,Operating System Laboratory,Compulsory,Theory
scholaris_core.op_subject_65,CNL-IM,scholaris_core.op_department_3,Computer Network Laboratory,Compulsory,Theory
scholaris_core.op_subject_66,PPD-IM,scholaris_core.op_department_3,Programming in Python with Full Stack Development,Compulsory,Theory
scholaris_core.op_subject_67,DAA-IM,scholaris_core.op_department_3,Design and Analysis of Algorithms,Compulsory,Theory
scholaris_core.op_subject_68,PCE-IM,scholaris_core.op_department_3,Professionalism & Corporate Ethics,Compulsory,Theory
scholaris_core.op_subject_69,SEL-IM,scholaris_core.op_department_3,Software Engineering Laboratory,Compulsory,Theory
scholaris_core.op_subject_70,DVDA-IM,scholaris_core.op_department_3,Data visualization and Data Analytics,Compulsory,Theory
scholaris_core.op_subject_71,CD-IM,scholaris_core.op_department_3,Compiler Design,Compulsory,Theory
scholaris_core.op_subject_72,MEAD-IM,scholaris_core.op_department_3,MEA(R)N Stack Web Development,Compulsory,Theory
scholaris_core.op_subject_73,INS-IM,scholaris_core.op_department_3,Information and Network Security,Compulsory,Theory
scholaris_core.op_subject_74,DSL-IM,scholaris_core.op_department_3,Data Science Laboratory,Compulsory,Theory
scholaris_core.op_subject_75,INT-IM,scholaris_core.op_department_3,Internship,Compulsory,Both
scholaris_core.op_subject_76,MSOL-CH,scholaris_core.op_department_3,Mechanics of Solid,Compulsory,Theory
scholaris_core.op_subject_77,PPSO-CH,scholaris_core.op_department_3,Programming for Problem Solving,Compulsory,Theory
scholaris_core.op_subject_78,PFPP-CH,scholaris_core.op_department_3,Particle and Fluid Particle Processing,Compulsory,Theory
scholaris_core.op_subject_79,FML-CH,scholaris_core.op_department_3,Fluid Mechanics Lab,Compulsory,Theory
scholaris_core.op_subject_81,HT-CH,scholaris_core.op_department_3,Heat Transfer,Compulsory,Theory
scholaris_core.op_subject_82,MT1-CH,scholaris_core.op_department_3,Mass Transfer-I,Compulsory,Theory
scholaris_core.op_subject_83,MT2-CH,scholaris_core.op_department_3,Mass Transfer -II,Compulsory,Theory
scholaris_core.op_subject_84,CRE1-CH,scholaris_core.op_department_3,Chemical Reaction Engineering-I,Compulsory,Theory
scholaris_core.op_subject_85,SI1-CH,scholaris_core.op_department_3,Summer Internship-I,Compulsory,Both
scholaris_core.op_subject_86,CRE2-CH,scholaris_core.op_department_3,Chemical Reaction Engineering- II,Compulsory,Theory
scholaris_core.op_subject_87,PED-CH,scholaris_core.op_department_3,Process Equipment Design,Compulsory,Theory
scholaris_core.op_subject_88,PRJ1-CH,scholaris_core.op_department_3,Project-I,Compulsory,Practical
scholaris_core.op_subject_89,SI2-CH,scholaris_core.op_department_3,Summer Internship-II,Compulsory,Both
scholaris_core.op_subject_90,PRJ2-CH,scholaris_core.op_department_3,Project II,Compulsory,Practical
scholaris_core.op_subject_91,CEPDE-CH,scholaris_core.op_department_3,Chemical Engineering Plant Design & Economics,Compulsory,Theory
scholaris_core.op_subject_92,EM-EE,scholaris_core.op_department_3,Engineering Mechanics,Compulsory,Theory
scholaris_core.op_subject_93,FE-EE,scholaris_core.op_department_3,Fundamentals of Electrical and Electronics Engineering,Compulsory,Theory
scholaris_core.op_subject_94,EWPL-EE,scholaris_core.op_department_3,Electrical Workshop Practice Lab,Compulsory,Theory
scholaris_core.op_subject_95,EDC-EE,scholaris_core.op_department_3,Electronics devices and circuits,Compulsory,Theory
scholaris_core.op_subject_96,EGL-EE,scholaris_core.op_department_3,Engineering Graphics Lab,Compulsory,Theory
scholaris_core.op_subject_97,DE-EE,scholaris_core.op_department_3,Digital Electronics,Compulsory,Theory
scholaris_core.op_subject_98,EEM-EE,scholaris_core.op_department_3,Electronics Equipment and Maintenance,Compulsory,Theory
scholaris_core.op_subject_99,ECN-EE,scholaris_core.op_department_3,Electronic Circuits and Network,Compulsory,Theory
scholaris_core.op_subject_100,PE-EE,scholaris_core.op_department_3,Power Electronics,Compulsory,Theory
scholaris_core.op_subject_101,DCS-EE,scholaris_core.op_department_3,Digital Communication Systems,Compulsory,Theory
scholaris_core.op_subject_102,LIC-EE,scholaris_core.op_department_3,Linear Integrated Circuits,Compulsory,Theory
scholaris_core.op_subject_103,MWCL-EE,scholaris_core.op_department_3,Mobile and Wireless Communication Lab,Compulsory,Theory
scholaris_core.op_subject_104,EMS-EE,scholaris_core.op_department_3,Embedded Systems,Compulsory,Theory
scholaris_core.op_subject_105,IA-EE,scholaris_core.op_department_3,Industrial Automation,Compulsory,Theory
scholaris_core.op_subject_106,IC-EE,scholaris_core.op_department_3,Indian Constitution,Compulsory,Theory
scholaris_core.op_subject_107,SS-EE,scholaris_core.op_department_3,Signal and Systems,Compulsory,Theory
scholaris_core.op_subject_108,CNDC-EE,scholaris_core.op_department_3,Computer Networking and Data Communication,Compulsory,Theory
scholaris_core.op_subject_109,DCN-CC-T,scholaris_core.op_department_1,Data Communication and Networking (Theory),Compulsory,Theory
scholaris_core.op_subject_110,CC1-CC-T,scholaris_core.op_department_1,Cloud Computing -I (T),Compulsory,Theory
scholaris_core.op_subject_111,FED-CC-T,scholaris_core.op_department_1,Front End Development with .NET (Theory),Compulsory,Theory
scholaris_core.op_subject_112,DIGIL-CC-T,scholaris_core.op_department_1,Digital Literacy,Compulsory,Theory
scholaris_core.op_subject_113,CC2-CC-T,scholaris_core.op_department_1,Cloud Computing -II (T),Compulsory,Theory
scholaris_core.op_subject_114,INTMP1-T,scholaris_core.op_department_1,Internship/Mini Project-1,Compulsory,Practical
scholaris_core.op_subject_115,EN-CC-T,scholaris_core.op_department_1,Software Engineering (Theory),Compulsory,Theory
scholaris_core.op_subject_116,MAP-BD,scholaris_core.op_department_1,Mobile Apps Development,Compulsory,Theory
scholaris_core.op_subject_117,WAD-BD,scholaris_core.op_department_1,Big Data Analytics- II,Compulsory,Theory
scholaris_core.op_subject_118,MIPRJ-BB,scholaris_core.op_department_1,Minor Project,Compulsory,Practical
scholaris_core.op_subject_119,MAJ-PRJ-BD,scholaris_core.op_department_1,Major Project,Compulsory,Practical
scholaris_core.op_subject_120,SS-AEL,scholaris_core.op_department_3,Soil Science & Agriculture for Engineers Lab,Compulsory,Theory
scholaris_core.op_subject_122,EP-AE,scholaris_core.op_department_3,Engineering Physics,Compulsory,Theory
scholaris_core.op_subject_123,EC-AE,scholaris_core.op_department_3,Engineering Chemistry,Compulsory,Theory
scholaris_core.op_subject_124,EM-AE,scholaris_core.op_department_3,Engineering Mechanics in Agriculture,Compulsory,Theory
scholaris_core.op_subject_125,AWCE-AE,scholaris_core.op_department_3,Soil and Water Conservation Engineering,Compulsory,Theory
scholaris_core.op_subject_126,FE-AE,scholaris_core.op_department_3,Food Engineering,Compulsory,Theory
scholaris_core.op_subject_127,EPE-AE,scholaris_core.op_department_3,Farm Power Engineering,Compulsory,Theory
scholaris_core.op_subject_128,FMI-AE,scholaris_core.op_department_3,Farm Machinery and Implements,Compulsory,Theory
scholaris_core.op_subject_129,PHT-AE,scholaris_core.op_department_3,Post Harvest Technology,Compulsory,Theory
scholaris_core.op_subject_130,SM-AE,scholaris_core.op_department_3,Strength of Material,Compulsory,Theory
scholaris_core.op_subject_131,FTSC-AE,scholaris_core.op_department_3,Farm Tractor Systems and Controls,Compulsory,Theory
scholaris_core.op_subject_132,APE-AE,scholaris_core.op_department_3,Agricultural Process Engineering,Compulsory,Theory
scholaris_core.op_subject_133,AS-AE,scholaris_core.op_department_3,Agricultural Structures,Compulsory,Theory
scholaris_core.op_subject_134,IFT-AE,scholaris_core.op_department_3,Industrial and Field Training cum Project Work,Compulsory,Both
scholaris_core.op_subject_135,CP-CS-DSI,scholaris_core.op_department_1,Digital Securities Introduction,Compulsory,Theory
scholaris_core.op_subject_136,CP-CS-CSC,scholaris_core.op_department_1,Cryptography and Secure communication,Compulsory,Theory
scholaris_core.op_subject_137,CP-CS-AKC,scholaris_core.op_department_1,Asymmetric Key Cryptography,Compulsory,Both
scholaris_core.op_subject_138,CP-CS-SKC,scholaris_core.op_department_1,Symmetric Key Cryptography,Compulsory,Both
scholaris_core.op_subject_139,CP-CS-PKC,scholaris_core.op_department_1,Public Key Cryptography,Compulsory,Both
scholaris_core.op_subject_140,CP-CS-CCLI,scholaris_core.op_department_1,Computer crime and legal issues,Compulsory,Theory
scholaris_core.op_subject_141,AF-BM,scholaris_core.op_department_2,Business Mathematics,Compulsory,Theory
scholaris_core.op_subject_142,AF-IFS,scholaris_core.op_department_2,Indian Financial System,Compulsory,Theory
scholaris_core.op_subject_143,AF-SB,scholaris_core.op_department_2,Statistics for Business,Compulsory,Theory
scholaris_core.op_subject_144,AF-CC,scholaris_core.op_department_2,Cost accounting,Compulsory,Theory
scholaris_core.op_subject_145,AF-TGST,scholaris_core.op_department_2,Fundamentals of Indirect Taxation & GST,Compulsory,Theory
scholaris_core.op_subject_146,AF-BL,scholaris_core.op_department_2,Business Law,Compulsory,Theory
scholaris_core.op_subject_147,AF-MA,scholaris_core.op_department_2,Management Accounting,Compulsory,Theory
scholaris_core.op_subject_148,AF-BE,scholaris_core.op_department_2,Business Environment,Compulsory,Theory
scholaris_core.op_subject_149,SY-PY,scholaris_core.op_department_4,Social Psychology,Compulsory,Theory
scholaris_core.op_subject_150,ES-PY,scholaris_core.op_department_4,Educational Psychology,Compulsory,Theory
scholaris_core.op_subject_151,POP-PY,scholaris_core.op_department_4,Psychology of Personality,Compulsory,Theory
scholaris_core.op_subject_152,PMH-PY,scholaris_core.op_department_4,Positive Mental Health,Compulsory,Theory
scholaris_core.op_subject_153,IP-PY,scholaris_core.op_department_4,Indian Psychology,Compulsory,Theory
scholaris_core.op_subject_154,PD-PY,scholaris_core.op_department_4,Psychological Disorders,Compulsory,Theory
scholaris_core.op_subject_155,RP-PY,scholaris_core.op_department_4,Rehabilitation Psychology,Compulsory,Theory
scholaris_core.op_subject_156,IDCS-PY,scholaris_core.op_department_4,Introduction to Diagnostics and Counselling Skills,Compulsory,Theory
